area,bedrooms,bathrooms,age,distance,price_lakhs,category
1959,3,3,15,6.4,136.91,Premium
2477,5,4,2,1.7,188.72,Premium
1097,2,2,35,5.8,58.86,Moderate
1101,2,1,0,19.2,64.23,Moderate
976,2,1,9,6.2,66.39,Moderate
1428,2,2,16,20.4,81.28,Premium
2144,4,3,24,2.9,150.35,Premium
2463,5,4,4,2.1,200.54,Premium
1116,3,3,14,21.8,65.8,Moderate
2358,5,4,13,17.1,173.51,Premium
2087,5,4,10,13.8,154.34,Premium
1202,3,3,35,6.3,80.98,Premium
1314,3,3,14,20.7,85.17,Premium
785,1,1,20,6.1,39.8,Affordable
1672,3,3,29,4.4,116.68,Premium
1753,3,2,25,9.7,118.84,Premium
933,2,1,3,21.7,56.86,Moderate
2043,4,3,24,15.3,138.1,Premium
1608,3,3,0,17.3,121.12,Premium
2187,4,3,7,8.0,167.72,Premium
973,2,2,16,24.3,51.72,Moderate
867,2,1,32,15.6,33.76,Affordable
963,2,1,33,23.0,34.87,Affordable
879,2,2,19,6.7,53.59,Moderate
1143,3,3,5,18.6,84.46,Premium
1740,4,3,30,23.7,92.19,Premium
988,2,2,27,24.1,53.89,Moderate
2062,4,3,23,11.5,136.82,Premium
1709,3,2,4,9.1,118.38,Premium
1101,2,2,3,6.5,77.97,Moderate
2504,4,3,32,6.7,169.78,Premium
920,2,2,30,6.8,50.35,Moderate
1618,4,3,6,16.8,111.73,Premium
2419,5,4,6,2.5,193.16,Premium
2141,4,4,15,5.6,154.96,Premium
1025,2,1,4,11.6,67.36,Moderate
2414,5,3,34,21.1,167.86,Premium
2388,4,3,30,6.1,162.16,Premium
1471,4,3,0,24.6,101.58,Premium
1581,3,3,35,16.9,101.24,Premium
1646,3,2,3,14.9,105.33,Premium
767,1,1,33,4.8,35.11,Affordable
1690,3,2,4,17.2,114.31,Premium
2473,5,4,2,15.9,187.77,Premium
1508,3,2,20,23.4,90.54,Premium
1138,2,1,19,12.0,74.23,Moderate
2552,5,3,29,15.9,171.52,Premium
1751,3,2,22,22.1,103.81,Premium
2450,5,4,28,21.0,163.43,Premium
2302,5,3,35,8.2,150.92,Premium
2008,3,3,16,3.8,147.38,Premium
1207,2,1,21,5.9,78.49,Moderate
1948,4,3,16,22.7,129.04,Premium
1517,4,3,21,19.5,95.95,Premium
1954,5,3,28,14.2,131.17,Premium
804,2,2,9,14.1,52.59,Moderate
2359,5,4,27,4.1,168.05,Premium
2280,5,3,22,6.0,174.69,Premium
1161,3,2,35,22.2,52.36,Moderate
966,3,2,10,24.4,61.73,Moderate
2310,4,3,11,18.7,153.91,Premium
2292,5,4,15,7.4,181.12,Premium
2262,5,4,2,21.6,166.96,Premium
1592,3,3,14,6.4,121.77,Premium
2001,4,3,4,24.2,135.72,Premium
1468,3,3,21,23.5,94.73,Premium
886,2,1,16,1.9,56.16,Moderate
2260,4,3,32,3.8,152.95,Premium
2492,5,4,27,1.0,189.65,Premium
2123,5,4,12,9.7,155.92,Premium
793,2,2,20,16.9,51.06,Moderate
1688,3,2,25,17.7,109.58,Premium
1785,3,2,24,17.3,115.21,Premium
1266,2,2,19,7.9,76.7,Moderate
1530,4,3,20,12.2,101.42,Premium
1619,4,4,10,16.8,116.66,Premium
1231,3,3,21,3.2,90.81,Premium
1285,2,1,1,2.1,92.37,Premium
1623,3,3,29,10.9,100.92,Premium
2076,4,3,9,16.7,142.85,Premium
661,2,2,6,19.7,42.78,Moderate
2075,4,3,15,23.0,146.0,Premium
898,2,2,33,24.7,26.84,Affordable
2475,5,4,32,11.2,165.52,Premium
2507,5,4,30,11.8,175.58,Premium
1217,3,2,15,7.6,74.14,Moderate
808,2,1,21,8.7,44.63,Moderate
1123,2,1,13,2.5,75.4,Moderate
1484,3,2,3,6.0,99.57,Premium
1846,4,3,24,12.4,129.18,Premium
2580,5,4,26,13.9,180.74,Premium
2488,5,4,27,12.7,166.1,Premium
1446,3,3,25,18.4,93.89,Premium
1924,4,4,1,3.0,142.37,Premium
1527,3,2,3,7.2,108.49,Premium
1341,3,2,26,7.1,90.99,Premium
817,2,2,3,25.0,43.95,Moderate
2249,5,3,1,23.8,166.49,Premium
1058,3,2,15,4.0,73.09,Moderate
1096,2,1,23,5.0,61.35,Moderate
1893,5,4,10,24.2,133.49,Premium
1288,3,3,24,10.5,84.62,Premium
2114,4,3,15,3.4,156.02,Premium
1879,4,3,2,9.3,131.05,Premium
1527,3,2,21,1.3,100.5,Premium
1537,4,3,29,18.0,98.63,Premium
1541,3,2,17,15.8,105.41,Premium
1602,3,3,17,8.7,105.82,Premium
1152,3,2,28,6.9,66.2,Moderate
1426,3,2,20,5.4,97.82,Premium
1084,2,1,17,22.1,55.48,Moderate
670,1,1,15,18.3,27.34,Affordable
1650,3,2,30,16.5,88.71,Premium
840,1,1,15,8.3,49.56,Moderate
1841,4,3,22,11.2,125.5,Premium
2089,4,3,14,3.9,148.55,Premium
1044,2,2,11,5.6,72.24,Moderate
1857,4,3,18,24.5,114.94,Premium
2355,4,3,11,8.3,170.06,Premium
743,2,2,8,16.3,44.94,Moderate
2191,4,4,18,12.3,151.61,Premium
755,1,1,7,20.7,40.1,Moderate
1470,3,2,3,4.6,113.77,Premium
824,2,1,26,15.6,29.02,Affordable
2269,5,4,24,11.8,151.86,Premium
1528,3,2,6,23.7,100.6,Premium
1075,2,1,5,4.8,76.61,Moderate
655,1,1,30,8.0,31.49,Affordable
1124,2,1,29,2.7,67.61,Moderate
2270,5,4,12,11.2,172.16,Premium
1765,3,2,17,20.8,112.1,Premium
1279,3,3,18,11.5,87.17,Premium
1609,4,3,17,13.0,109.0,Premium
731,2,2,16,1.6,53.42,Moderate
1118,3,3,1,25.0,72.83,Moderate
732,2,1,33,16.6,26.6,Affordable
2526,5,4,27,16.2,173.07,Premium
1362,3,2,6,21.6,87.74,Premium
1325,3,2,25,20.5,70.34,Moderate
1294,2,1,25,21.8,64.36,Moderate
2339,5,4,34,12.1,166.25,Premium
1925,4,3,3,5.9,147.94,Premium
1774,3,2,31,3.9,121.74,Premium
1140,3,2,0,14.3,80.82,Premium
840,1,1,7,12.1,57.59,Moderate
1670,4,3,17,11.0,123.06,Premium
1638,4,3,35,4.5,111.96,Premium
2178,5,4,17,19.5,158.89,Premium
2399,5,4,32,7.4,177.66,Premium
2365,5,4,31,21.8,156.98,Premium
1564,3,2,35,19.3,78.55,Moderate
2430,4,3,24,6.6,178.52,Premium
2238,4,3,30,17.9,146.36,Premium
2009,5,4,9,12.9,145.24,Premium
725,1,1,21,21.9,32.29,Affordable
1727,4,3,9,10.8,121.34,Premium
1990,5,3,16,9.1,142.21,Premium
2394,5,4,34,10.1,159.34,Premium
1298,3,3,31,21.9,73.99,Moderate
1942,4,3,14,18.9,131.74,Premium
1538,4,3,6,11.6,109.63,Premium
744,1,1,22,10.0,27.89,Affordable
948,2,1,11,5.1,73.06,Moderate
1919,4,3,9,6.6,146.49,Premium
1956,4,3,0,22.6,133.21,Premium
1769,3,2,22,24.7,104.88,Premium
1262,3,2,16,12.0,76.6,Moderate
2397,5,4,22,14.8,187.6,Premium
2082,4,4,25,7.6,139.43,Premium
2175,5,4,31,21.0,140.49,Premium
2499,5,4,22,6.3,184.8,Premium
2197,5,4,8,16.1,165.0,Premium
2500,5,3,28,1.8,179.1,Premium
2512,5,4,11,5.8,192.79,Premium
2260,5,4,33,13.0,154.21,Premium
2521,5,4,18,18.9,180.77,Premium
1343,3,2,4,4.4,110.08,Premium
2133,5,4,35,9.8,144.64,Premium
2269,4,3,7,11.9,160.43,Premium
1847,4,3,23,3.6,124.57,Premium
1128,2,2,35,8.9,56.64,Moderate
1951,4,4,19,16.6,129.02,Premium
888,1,1,19,24.9,40.1,Moderate
1750,3,2,34,11.1,108.71,Premium
2170,5,4,6,21.0,148.1,Premium
1222,2,1,28,11.7,59.45,Moderate
1133,3,2,23,14.1,73.69,Moderate
1465,3,3,29,3.2,97.66,Premium
1084,2,2,1,2.2,75.61,Moderate
2261,5,3,35,6.0,169.13,Premium
1092,3,2,9,19.9,66.44,Moderate
946,3,2,11,3.6,69.37,Moderate
2424,4,3,15,15.1,172.46,Premium
909,2,2,4,12.4,63.19,Moderate
2243,4,3,28,13.1,150.97,Premium
2254,5,4,19,12.0,162.14,Premium
713,1,1,25,11.2,39.74,Affordable
1558,3,2,9,2.6,118.25,Premium
1213,3,2,20,10.1,75.4,Moderate
1685,4,3,7,21.5,112.96,Premium
1983,5,4,13,11.3,150.91,Premium
2344,5,4,6,8.5,175.68,Premium
1290,3,2,9,17.5,82.17,Premium
824,1,1,23,20.5,34.86,Affordable
1789,3,3,35,8.9,116.13,Premium
2012,5,4,3,24.2,148.1,Premium
1879,4,3,32,6.1,124.62,Premium
871,2,2,7,19.3,50.65,Moderate
1825,3,2,35,24.4,103.82,Premium
1966,4,3,17,1.7,138.0,Premium
1209,3,2,21,9.4,79.7,Moderate
1996,4,3,1,3.2,156.59,Premium
1736,3,2,21,4.8,115.51,Premium
2578,5,3,3,4.7,202.4,Premium
2195,5,4,17,11.6,153.68,Premium
1498,3,3,7,9.3,111.18,Premium
877,1,1,31,13.6,37.29,Affordable
1877,3,2,13,19.4,123.72,Premium
2215,4,3,0,12.9,160.69,Premium
1740,4,3,22,2.7,126.1,Premium
2414,5,4,29,23.1,164.84,Premium
1824,4,3,18,3.8,127.19,Premium
692,2,1,29,21.0,28.46,Affordable
2379,4,3,25,13.6,159.8,Premium
1460,4,3,14,9.0,108.62,Premium
883,2,1,22,9.4,56.04,Moderate
2327,5,3,6,4.5,180.28,Premium
2206,5,3,31,12.1,156.19,Premium
1804,4,3,20,21.7,114.27,Premium
789,2,2,17,15.2,44.08,Moderate
1370,3,2,28,1.9,88.04,Premium
1970,5,4,32,10.2,139.44,Premium
1838,4,3,2,11.8,138.62,Premium
1308,3,2,3,11.8,86.33,Premium
2310,5,4,5,13.1,175.38,Premium
1546,4,3,10,9.7,116.45,Premium
2529,5,4,21,17.3,184.63,Premium
1335,2,1,24,7.8,82.08,Premium
2132,5,4,9,9.0,159.15,Premium
1366,2,2,25,4.1,85.4,Premium
