Study_Hours,Attendance,Assignment_Score,Midterm_Score,Lab_Score,Previous_GPA,Sleep_Hours,Participation,Previous_Backlogs,Pass
7.97,84.3,45.9,84.7,89.5,8.23,8.3,4.4,0,1
4.95,74.8,72.4,69.1,64.9,7.93,7.9,8.1,1,1
8.73,76.6,72.4,61.4,76.9,6.89,8.6,7.8,0,1
7.28,88.0,70.4,39.1,74.0,6.44,7.2,6.6,1,1
1.85,54.1,89.0,65.3,77.7,6.24,7.9,2.9,4,0
9.78,62.4,34.6,43.0,64.9,7.56,6.4,5.3,1,1
7.85,60.2,77.5,83.5,72.8,7.23,6.1,4.3,0,1
8.07,50.0,93.9,92.3,53.2,7.76,8.8,8.0,1,0
2.15,69.9,56.2,55.2,75.8,7.16,7.1,8.7,0,1
5.05,87.0,66.7,72.8,79.9,7.98,7.8,8.4,0,1
,74.6,61.5,56.4,71.0,7.11,6.9,4.3,1,1
9.34,80.4,59.5,57.9,53.0,7.94,6.1,1.0,0,1
6.79,91.1,67.4,80.4,86.9,8.04,6.8,1.9,0,1
8.4,93.9,92.0,67.4,78.7,6.03,8.5,9.3,0,1
4.99,77.2,97.7,95.8,64.6,4.83,7.5,5.1,1,1
3.05,94.2,67.3,60.3,70.4,8.85,4.7,4.3,2,1
5.99,79.1,98.7,84.0,54.5,7.31,6.5,9.8,2,1
1.57,68.0,72.5,69.6,60.7,4.94,8.9,8.9,0,1
8.45,70.9,96.6,80.7,67.0,6.14,6.5,6.1,0,1
6.68,60.2,70.7,60.8,90.0,7.93,4.6,5.3,4,1
7.82,67.3,73.8,67.2,65.7,6.66,9.1,5.7,1,1
4.19,73.7,77.1,66.2,82.3,6.39,7.6,6.5,1,1
9.74,,100.0,54.6,67.0,8.68,6.7,9.7,0,1
9.04,98.6,83.9,78.6,77.2,5.74,6.4,7.0,3,1
8.01,61.4,62.1,78.4,72.2,6.04,8.1,7.7,0,1
2.75,82.7,85.6,77.5,85.3,7.25,6.1,8.7,2,1
5.2,65.5,66.9,92.6,67.0,7.47,8.2,3.3,1,1
1.39,83.7,65.1,91.2,53.6,7.6,7.5,7.7,1,1
2.39,76.4,84.7,62.0,56.0,8.09,7.1,5.3,4,1
7.15,56.0,72.4,74.0,67.1,7.24,7.0,1.0,2,1
7.7,89.1,75.9,58.0,57.8,7.59,6.6,1.1,2,1
9.71,70.7,72.2,68.4,79.3,6.69,8.1,3.7,1,1
3.93,71.6,76.7,58.4,67.9,7.08,5.8,7.2,1,1
4.33,65.2,77.9,93.9,100.0,7.13,4.9,6.3,0,1
,70.1,44.9,73.8,51.4,7.26,7.5,6.4,2,1
2.71,83.1,81.3,64.5,76.6,7.93,7.6,10.0,3,1
2.17,75.7,58.3,87.1,59.3,7.67,7.4,3.1,1,1
5.28,81.9,51.8,33.3,67.6,7.05,7.3,5.9,1,1
3.04,82.3,71.2,35.8,75.8,6.03,6.4,6.7,2,0
7.03,93.8,73.2,80.7,43.8,7.08,7.7,4.3,2,1
4.93,73.9,62.3,69.0,77.1,6.97,6.7,6.1,0,1
8.49,60.3,83.6,72.0,98.7,7.23,6.2,2.3,5,0
7.3,90.8,53.2,46.8,68.1,9.65,6.4,9.2,0,1
3.81,74.0,66.3,67.6,77.4,6.37,9.2,4.4,2,1
8.49,91.4,63.8,,87.3,7.51,4.7,10.0,1,1
8.24,82.6,71.3,81.2,71.9,8.28,7.4,5.9,1,1
4.49,76.4,75.9,70.7,66.4,7.12,4.8,8.4,1,1
3.59,82.2,57.9,61.0,44.4,9.81,6.7,5.9,0,1
,100.0,82.1,61.7,82.3,6.55,6.3,5.9,2,1
2.26,100.0,72.9,33.9,72.5,7.39,4.3,4.7,0,1
2.8,78.8,45.5,72.1,60.8,6.04,7.3,6.3,1,1
1.07,79.9,44.6,81.5,75.6,6.58,6.3,6.7,2,1
8.08,90.9,71.8,42.8,66.4,7.3,4.3,4.2,1,1
6.98,67.9,68.9,57.4,67.1,8.02,7.8,5.7,0,1
7.35,82.0,70.6,49.5,81.9,7.38,8.5,4.6,3,1
8.03,77.7,71.6,52.6,56.6,8.51,8.6,10.0,0,1
5.13,81.8,75.2,68.9,87.6,6.89,7.2,5.8,1,1
6.12,68.0,85.3,34.6,55.8,6.6,6.9,9.6,1,1
2.26,58.9,56.4,77.8,65.4,10.0,8.4,5.6,3,1
2.03,53.1,55.6,80.1,99.0,7.47,8.8,6.6,1,1
7.02,64.6,56.7,64.0,88.7,6.14,8.2,3.0,3,1
5.24,72.5,76.0,28.3,75.3,6.17,5.7,5.0,1,1
6.09,74.5,89.4,52.1,61.8,5.87,7.0,6.5,2,1
7.88,100.0,66.0,87.7,67.1,8.12,7.3,9.6,3,1
6.71,91.3,37.0,25.0,75.0,6.56,4.6,6.5,1,0
5.98,66.5,48.1,62.4,74.5,7.15,7.4,9.2,1,1
6.03,82.2,60.3,49.1,72.8,6.92,9.5,7.5,0,1
3.74,73.1,64.2,80.9,73.6,7.88,7.6,9.7,1,1
1.28,74.6,66.3,57.2,71.2,5.98,8.6,5.9,1,1
4.93,80.2,72.5,74.5,55.3,5.71,7.0,10.0,0,0
2.93,85.4,67.6,77.0,67.3,7.27,6.7,4.9,1,1
4.68,73.9,86.7,97.4,85.9,7.72,7.3,4.2,2,1
8.68,90.8,62.5,64.8,56.2,7.4,5.8,3.2,3,1
3.11,64.3,59.9,74.0,71.5,6.03,5.6,10.0,2,1
1.52,78.1,78.7,44.2,63.3,7.81,8.3,7.9,1,1
3.53,100.0,50.5,87.0,75.4,6.11,8.4,5.2,1,1
3.64,80.7,77.5,55.8,68.9,6.37,5.6,8.9,0,1
6.96,95.2,73.4,59.0,93.2,5.87,8.0,7.6,4,1
6.01,79.1,69.9,67.6,80.6,8.56,6.7,10.0,0,1
8.06,85.0,94.2,43.0,56.9,7.76,7.2,2.4,0,1
6.98,77.3,63.3,71.7,82.7,7.73,7.4,5.4,1,1
4.66,76.0,100.0,83.5,63.9,8.5,8.0,4.9,1,1
8.33,68.6,68.8,72.7,66.5,10.0,6.9,1.5,0,1
2.5,83.2,54.1,42.6,78.1,4.95,8.5,8.4,0,1
1.2,67.8,73.0,66.0,67.6,6.11,7.2,5.4,0,1
1.81,86.0,56.9,79.9,85.6,6.26,7.5,7.7,0,1
7.5,91.0,61.5,38.0,63.9,5.98,5.8,10.0,1,1
5.16,82.4,77.6,50.8,66.0,5.71,9.4,5.2,2,1
2.45,74.6,79.8,82.0,65.5,6.64,7.4,5.0,1,0
5.51,83.4,63.3,72.3,66.6,5.54,7.7,6.3,0,0
2.37,74.3,85.8,74.6,88.3,7.4,4.9,8.3,0,1
7.27,89.2,88.2,97.8,82.2,7.06,5.8,4.7,2,1
5.02,56.0,92.1,75.5,96.2,7.58,8.3,4.5,2,1
4.43,74.0,79.4,78.5,100.0,7.61,7.1,8.4,2,1
3.71,54.1,91.1,100.0,60.6,7.72,4.5,6.9,1,1
6.67,60.1,45.7,64.6,74.9,6.55,8.0,1.3,0,1
4.26,94.4,67.5,55.2,58.7,9.55,6.1,3.2,2,1
1.79,88.7,59.9,74.8,63.9,7.28,8.5,9.5,1,1
2.06,69.4,73.7,75.0,65.8,4.77,6.7,6.9,1,1
9.66,60.0,64.0,59.6,60.3,5.8,7.0,4.2,2,1
9.18,45.0,69.7,51.5,60.3,4.91,8.2,5.6,0,0
7.3,71.5,98.4,100.0,72.1,7.02,5.7,6.0,1,1
3.39,100.0,69.6,73.2,58.2,6.85,5.6,7.7,0,1
9.72,83.2,77.8,56.3,84.9,6.44,6.6,2.9,1,1
8.01,71.3,68.7,82.7,62.1,9.41,7.8,4.1,1,1
7.45,83.6,73.1,66.3,100.0,7.66,5.2,6.6,1,1
5.04,59.3,72.1,64.0,68.1,7.87,4.8,5.8,0,1
3.45,74.4,78.3,77.0,74.9,5.88,7.8,7.3,0,1
1.87,79.2,88.3,,57.2,5.8,6.1,3.2,0,1
9.12,77.0,95.1,73.6,96.2,7.04,6.3,6.8,0,1
5.1,87.5,76.3,98.6,88.6,7.21,4.6,8.5,0,1
2.82,82.1,80.3,75.5,77.9,4.77,6.0,7.1,0,0
3.75,86.0,55.9,62.0,56.5,6.78,6.8,6.3,1,1
6.21,69.7,70.8,59.9,76.7,7.02,7.9,5.8,0,1
2.59,88.8,85.2,61.4,59.4,6.74,5.9,4.1,0,1
8.71,97.5,84.1,63.9,93.0,6.02,8.8,5.8,3,1
7.83,66.4,75.0,62.0,84.5,6.35,6.0,8.9,1,1
7.48,67.3,84.4,82.7,75.2,6.79,6.0,5.7,0,1
4.89,94.0,78.9,40.3,42.3,7.11,8.6,4.0,1,1
6.65,75.7,88.8,81.8,61.2,7.73,7.1,4.9,0,1
6.26,94.8,76.1,61.9,82.9,8.3,6.1,6.5,1,1
6.85,72.7,67.0,74.0,89.8,6.65,6.6,5.1,0,1
1.76,95.5,76.7,50.0,88.4,6.45,8.4,7.1,2,1
4.74,79.6,31.0,89.3,53.3,7.53,8.6,7.2,1,1
1.37,81.1,77.4,87.9,77.9,7.73,5.8,8.0,0,1
5.45,96.8,30.0,83.4,87.2,6.48,6.7,9.3,1,1
3.97,73.7,47.9,43.8,52.4,7.95,6.9,8.3,1,1
2.3,66.7,78.3,81.3,73.9,8.18,5.6,3.9,0,1
1.93,72.6,78.7,74.5,77.6,8.55,6.7,3.9,0,1
6.29,83.4,55.7,42.3,70.1,9.13,6.8,5.8,0,1
2.54,59.2,62.0,67.6,49.9,5.96,8.2,5.0,2,1
9.33,85.6,91.2,73.8,69.8,7.02,8.2,3.4,0,1
6.23,71.5,65.2,76.9,69.7,7.01,6.4,5.0,1,1
4.12,91.8,100.0,70.8,72.1,6.88,6.5,4.9,2,1
6.32,49.3,72.0,72.7,66.7,6.22,7.6,4.5,0,1
1.21,68.6,77.7,91.6,68.2,5.22,6.1,5.3,0,1
9.63,57.8,94.6,87.6,73.5,7.11,7.5,8.7,0,1
5.34,68.1,73.8,25.0,79.8,6.08,6.7,6.5,2,1
8.04,81.0,58.0,62.9,70.0,7.1,5.6,10.0,2,1
1.74,75.8,70.5,65.4,68.7,6.05,5.7,6.4,0,1
5.38,75.0,71.5,40.0,75.2,5.68,8.5,5.3,0,1
,76.1,52.9,69.5,49.0,7.28,6.6,6.0,1,1
9.44,80.4,68.4,88.0,80.2,7.18,8.8,6.6,4,1
6.15,65.9,61.6,50.6,74.0,7.7,6.2,7.0,5,1
5.26,86.5,84.9,73.4,74.5,9.62,7.1,10.0,1,1
3.4,86.0,72.5,53.3,86.5,7.33,9.5,4.1,1,1
3.98,82.6,68.0,57.2,48.6,7.58,5.5,8.0,3,1
5.69,84.7,70.5,91.6,48.3,5.71,4.5,6.5,4,0
4.95,81.6,75.1,59.3,77.6,5.46,8.3,2.4,1,1
1.19,100.0,80.6,75.4,73.9,8.9,5.8,7.8,1,1
8.44,77.0,58.0,38.1,76.2,5.89,6.8,8.9,2,1
9.07,74.3,57.4,97.8,68.0,5.75,6.1,4.0,0,1
2.26,69.0,87.5,77.6,82.6,6.95,7.1,6.0,0,1
5.99,65.6,66.2,65.1,86.1,6.89,5.7,2.0,2,1
1.98,63.1,52.2,77.2,80.3,5.92,6.6,3.1,1,1
7.05,67.3,78.2,45.4,70.6,6.63,7.3,8.4,1,1
3.53,77.2,78.5,86.9,46.6,8.48,5.6,4.9,0,1
6.93,82.0,50.6,62.8,84.0,6.03,6.0,3.4,0,1
7.54,78.6,75.2,64.7,89.9,5.33,6.4,6.5,1,1
7.92,68.8,82.3,60.1,82.4,8.13,5.1,4.8,1,1
1.97,88.8,77.2,58.7,62.6,7.59,6.3,4.9,0,1
9.24,86.9,80.8,79.1,82.8,6.26,6.9,7.7,0,1
3.07,76.1,52.3,72.1,85.2,5.1,6.3,3.3,0,0
1.34,70.2,76.6,78.4,94.3,6.11,6.5,3.9,1,1
5.99,84.6,67.8,67.9,62.6,6.93,6.8,6.4,1,1
4.34,80.3,65.2,76.2,71.1,8.4,6.0,8.2,0,1
8.47,60.6,84.2,61.3,83.7,5.76,7.6,8.8,0,1
8.27,77.2,92.7,100.0,74.7,6.9,8.5,4.5,0,1
3.85,81.1,97.1,42.9,59.5,7.81,6.2,8.2,2,1
9.58,67.2,90.4,88.2,79.4,4.14,7.4,4.2,4,1
3.62,,70.5,89.9,81.5,8.24,6.5,10.0,2,1
5.64,60.5,76.9,54.4,75.1,5.58,7.2,3.4,1,1
3.3,94.0,82.7,100.0,76.9,7.4,8.7,9.1,2,1
9.42,93.0,73.7,83.9,70.6,7.3,7.4,4.5,2,1
2.48,75.0,73.8,83.5,93.2,8.3,4.7,10.0,3,1
1.4,82.4,83.5,68.4,62.3,7.66,7.3,7.4,0,1
4.92,49.1,71.2,64.5,66.4,4.15,8.3,3.7,1,0
9.93,64.1,61.8,64.6,74.1,6.06,6.5,4.8,0,1
9.03,74.5,66.2,74.2,85.4,7.17,8.0,7.8,0,1
7.74,65.1,80.9,,54.5,6.77,6.0,8.4,0,1
9.02,86.6,72.0,70.9,57.0,7.57,5.0,5.8,1,1
9.04,100.0,76.8,53.4,47.5,7.95,7.0,6.1,2,1
5.67,63.9,81.4,81.2,74.4,7.73,4.7,7.7,0,1
3.84,68.0,66.8,82.7,59.5,6.74,6.5,6.3,0,1
7.95,80.8,82.6,78.5,69.0,4.78,8.3,3.0,0,1
6.95,97.3,77.3,79.9,82.6,6.45,4.5,4.1,0,1
4.36,63.3,54.7,63.7,65.7,7.5,5.3,6.5,0,1
1.85,81.0,92.2,53.1,77.0,5.69,5.6,8.8,0,1
7.72,99.9,65.0,54.1,70.1,7.76,6.7,9.7,0,1
3.36,58.2,48.8,41.8,82.7,8.09,6.4,7.8,3,1
9.43,62.6,57.4,71.8,80.2,7.15,8.5,6.7,1,1
3.17,72.9,57.7,66.7,65.0,4.0,7.9,7.7,1,0
2.1,71.8,72.7,61.0,71.8,5.47,7.4,4.5,1,0
8.48,87.8,68.2,25.0,87.6,9.26,7.0,5.6,1,1
2.38,80.9,67.3,48.0,79.1,6.34,7.3,4.1,3,0
2.61,56.7,80.7,85.9,55.8,4.62,5.8,3.1,1,1
6.39,84.2,76.8,57.4,82.5,8.48,7.8,6.8,2,0
8.87,71.1,76.4,73.8,59.9,7.02,5.5,6.4,0,1
2.77,93.3,77.7,45.7,92.4,8.33,7.8,7.6,2,1
3.79,70.5,80.6,91.0,87.3,7.33,8.2,7.3,1,1
8.0,70.4,42.5,65.7,77.8,7.55,7.1,6.6,1,1
9.75,84.5,66.9,72.6,76.0,7.44,6.6,7.3,1,1
5.51,87.2,41.5,100.0,71.3,7.84,7.3,5.9,0,1
2.3,83.4,72.5,92.3,82.8,9.73,3.5,6.9,1,1
1.13,57.8,71.9,63.1,69.2,8.17,7.2,4.3,2,1
3.07,84.5,86.6,58.5,77.1,5.1,6.7,6.9,2,0
2.19,65.6,88.6,62.8,85.3,7.54,6.7,7.5,2,1
7.1,80.8,74.8,76.2,66.7,8.37,7.6,4.5,0,1
2.1,60.9,65.0,66.3,66.0,8.44,6.7,6.1,1,1
5.56,83.4,78.8,61.7,58.5,6.49,5.4,4.6,0,1
7.25,68.3,64.6,91.5,60.2,8.4,6.6,4.8,1,1
6.23,62.6,72.0,66.2,50.2,8.11,6.9,3.4,0,1
2.8,,85.8,100.0,83.5,10.0,6.9,8.9,1,1
8.24,80.9,64.2,69.5,97.5,6.1,7.0,8.5,1,1
7.44,70.6,83.3,96.6,92.5,6.39,8.0,7.2,1,1
7.65,95.4,81.5,73.7,52.9,6.63,5.5,10.0,1,1
2.18,72.7,58.6,83.4,83.4,6.41,7.0,5.6,1,1
2.11,78.4,85.6,56.4,92.5,5.93,8.3,10.0,1,1
9.35,81.2,81.8,54.3,68.1,4.0,4.7,5.5,1,1
4.58,70.6,73.4,75.4,75.3,6.48,7.0,6.6,1,1
3.71,83.7,61.3,83.8,47.9,7.44,6.1,5.1,0,0
5.4,71.6,60.0,68.6,77.5,6.41,6.4,6.9,0,1
6.97,73.1,64.5,47.4,60.2,9.32,5.7,7.9,2,1
9.6,94.4,79.6,46.2,76.6,7.02,6.6,5.7,1,1
3.58,65.5,58.6,45.2,53.7,8.55,9.0,10.0,1,1
9.32,49.0,78.1,39.7,81.1,7.31,5.3,6.6,2,1
1.22,97.3,54.6,69.8,87.3,7.99,5.4,6.6,1,1
6.0,100.0,69.1,86.0,63.8,7.34,5.2,3.9,3,1
6.71,73.1,73.5,67.8,59.2,8.64,8.9,7.0,0,1
1.95,54.8,100.0,31.8,46.0,7.07,6.2,5.7,1,1
2.26,74.3,52.7,64.9,70.5,7.6,6.8,4.6,2,1
4.77,74.6,92.6,65.4,66.4,7.44,6.3,4.2,0,1
9.7,75.7,74.1,,53.8,6.65,5.7,10.0,1,1
6.36,64.6,77.8,44.7,79.9,7.49,6.5,5.4,0,1
9.4,85.0,73.7,61.7,68.2,9.68,9.5,2.6,0,1
8.24,84.3,78.2,95.3,60.0,6.68,8.5,4.4,2,1
5.21,60.1,69.8,75.2,66.8,7.5,5.8,5.9,1,1
8.06,86.4,92.4,77.0,87.9,8.51,7.6,7.3,3,1
1.16,100.0,65.6,69.8,81.8,8.37,5.8,7.3,1,1
1.98,80.1,87.9,73.3,72.3,7.01,4.7,7.6,1,1
8.46,74.0,63.0,80.4,82.0,4.14,8.0,4.5,1,1
8.17,76.3,71.2,55.0,58.9,7.62,8.2,6.8,1,1
3.09,85.4,57.0,82.0,74.4,4.34,8.1,4.0,1,1
5.78,57.2,78.4,46.0,75.9,8.76,6.2,4.6,0,1
6.45,80.0,92.2,73.3,67.9,7.2,6.6,3.9,1,1
8.81,73.3,70.9,70.9,79.7,8.2,7.7,3.3,1,1
6.43,100.0,69.2,58.1,63.9,5.92,7.3,8.4,1,1
4.71,75.9,56.4,67.6,80.6,5.14,6.3,7.6,1,0
4.37,98.0,68.8,58.0,81.2,7.31,4.9,8.2,2,1
4.83,64.8,49.7,50.9,36.1,6.96,6.9,6.1,1,1
6.87,85.0,59.2,62.3,89.5,6.41,8.1,7.8,1,0
8.81,81.8,75.2,50.3,34.4,7.1,5.4,1.9,0,1
5.09,67.6,90.5,73.2,66.0,10.0,7.6,8.0,1,1
3.23,80.1,100.0,49.6,87.3,8.0,7.2,6.4,0,1
3.13,92.6,63.8,79.4,69.9,8.26,7.7,7.4,0,1
7.71,74.1,92.1,49.1,54.9,8.01,7.8,6.9,0,1
8.35,57.7,75.4,58.9,59.8,8.78,6.0,3.7,0,1
1.95,77.8,69.9,58.0,87.3,6.77,4.9,2.6,1,1
1.6,67.2,78.1,89.2,49.0,4.53,6.2,4.4,1,0
6.35,73.9,72.9,73.3,88.7,6.77,7.9,7.3,0,1
2.32,77.0,73.5,64.6,73.3,7.97,6.1,7.6,1,0
8.42,57.5,66.3,76.0,58.5,5.84,6.0,2.9,3,1
3.79,58.6,52.4,34.3,66.4,6.79,4.6,3.7,0,1
2.29,83.8,50.4,67.3,60.8,6.17,8.9,4.3,3,0
9.29,71.7,81.1,100.0,85.3,8.8,7.8,5.2,1,1
2.49,47.2,68.1,70.1,83.5,7.9,7.7,2.9,0,1
3.56,87.4,63.7,69.1,51.7,7.78,8.0,2.7,1,1
2.38,81.3,72.1,76.8,68.8,7.75,7.5,4.1,0,1
2.04,69.4,83.1,82.3,62.8,6.96,6.5,6.2,0,1
1.19,62.2,74.5,36.0,90.8,7.24,6.6,3.3,1,1
1.5,88.0,62.8,41.1,56.4,5.58,6.3,5.7,1,1
2.57,82.2,89.2,71.4,94.9,4.38,9.5,8.4,1,1
1.48,100.0,94.1,56.6,73.6,7.18,7.5,3.0,1,1
6.32,83.0,78.9,89.0,58.9,7.39,6.2,5.5,0,1
7.13,82.7,85.6,63.0,65.2,8.45,7.4,8.4,0,1
4.54,76.0,89.4,37.0,63.6,8.89,5.6,5.0,0,1
3.86,87.8,87.8,47.7,57.4,8.88,8.6,4.7,0,1
5.54,85.5,80.6,25.0,75.2,5.8,6.0,8.7,1,1
8.88,93.0,80.4,64.3,58.0,6.58,7.4,5.3,0,1
8.66,71.7,79.3,65.0,45.7,7.58,8.1,8.5,1,1
1.39,72.8,56.6,61.2,69.1,10.0,7.3,7.0,0,1
2.63,72.3,81.8,85.3,50.6,8.78,6.9,5.2,1,1
3.13,87.5,53.0,87.2,64.2,8.34,6.8,7.1,0,1
3.24,96.0,60.9,65.3,62.2,6.53,6.7,6.7,4,1
6.14,72.5,90.2,33.8,62.7,5.94,6.1,8.3,0,1
4.75,72.9,83.8,77.9,100.0,7.95,6.3,4.7,0,1
1.44,81.8,92.8,76.9,74.7,5.68,8.6,6.1,0,0
4.36,75.1,68.2,73.0,77.2,6.71,6.7,5.9,0,1
5.71,89.4,55.9,83.7,50.9,6.86,5.9,7.6,0,1
1.92,51.0,68.6,49.4,65.5,8.91,6.2,3.6,1,1
8.5,68.1,73.4,100.0,76.8,6.57,8.1,8.3,0,1
1.47,68.6,73.1,52.6,60.7,4.07,7.6,7.1,1,1
9.32,50.2,87.9,80.0,85.8,7.61,7.5,3.0,1,1
1.89,66.4,66.9,41.0,58.4,6.16,6.5,8.8,1,0
8.59,67.0,76.9,53.1,70.3,7.05,7.5,10.0,1,1
9.12,75.6,58.2,92.3,66.4,6.9,6.0,8.3,0,1
9.82,91.4,78.3,63.8,76.1,6.67,6.5,9.3,1,1
8.22,75.1,72.0,81.4,65.7,7.95,8.0,6.2,0,1
8.02,65.6,61.5,71.8,70.5,5.16,7.8,2.2,1,0
6.78,77.3,68.7,66.3,70.9,6.38,5.6,1.8,1,1
8.01,90.6,69.4,89.8,64.5,7.82,5.8,6.6,0,1
2.21,66.3,68.2,64.2,80.3,6.26,6.9,4.6,1,1
5.82,67.1,96.8,39.5,77.1,5.07,8.9,3.9,1,1
5.63,84.7,70.6,55.1,72.8,7.8,4.5,5.9,0,1
8.72,75.3,68.6,76.8,68.4,8.35,7.1,7.4,0,1
5.17,85.8,42.6,74.3,84.4,6.95,5.1,2.7,4,1
4.47,77.8,59.5,42.9,70.9,4.65,6.0,5.0,2,1
6.76,86.4,68.3,56.4,70.0,7.85,6.4,9.5,0,1
3.4,65.6,62.4,58.7,75.4,5.01,6.3,3.5,1,0
2.26,77.9,91.3,62.2,96.1,7.37,6.2,8.0,0,1
5.3,75.5,69.7,46.0,56.6,5.94,6.8,4.9,1,1
4.75,63.4,90.0,57.9,84.0,5.61,6.2,7.3,1,1
3.09,59.2,72.9,56.3,49.4,6.47,5.0,8.5,1,1
4.31,86.2,72.5,80.3,76.8,6.78,7.7,7.7,1,1
4.3,73.8,70.8,80.9,94.5,6.23,7.7,8.1,2,1
3.95,65.7,72.1,65.7,80.4,7.71,7.8,3.4,0,1
4.42,76.8,96.1,61.7,76.2,6.46,5.0,8.6,0,1
7.17,91.5,39.5,70.2,66.7,8.18,7.2,4.0,0,1
3.67,,44.0,54.9,74.4,7.34,7.6,6.6,3,1
9.54,60.0,64.4,49.7,70.7,6.16,5.6,6.6,2,1
9.25,66.9,72.2,53.0,63.8,5.96,6.8,7.1,0,1
5.33,95.5,81.7,57.8,70.2,5.02,6.7,6.8,2,1
3.96,81.4,78.6,49.4,76.6,7.35,9.0,4.1,2,1
5.82,87.2,66.6,70.6,64.0,6.57,9.1,2.9,1,1
8.64,64.3,86.3,79.7,63.5,4.15,4.8,8.0,1,1
6.87,64.6,86.4,42.6,56.3,6.36,9.5,6.4,2,1
8.24,83.4,74.6,68.4,79.1,5.92,5.7,8.6,1,1
5.79,78.7,85.5,64.5,81.1,8.89,8.0,5.9,1,1
6.7,84.6,75.8,73.5,77.0,4.96,8.0,2.8,0,1
3.59,75.7,64.1,67.8,86.5,5.27,5.6,8.2,1,0
7.61,81.3,81.8,44.7,75.1,8.33,7.4,5.1,1,1
2.82,79.9,73.5,47.8,79.1,8.63,6.7,6.8,1,1
7.25,87.3,72.0,68.5,77.9,6.11,7.5,4.5,0,1
8.75,87.7,92.6,84.5,72.8,6.24,7.1,9.8,1,1
2.19,58.6,37.7,,67.1,7.74,8.2,4.0,2,1
6.53,51.0,52.2,73.5,100.0,4.21,6.9,5.2,1,1
1.86,90.0,55.4,87.0,68.1,4.77,6.6,6.2,0,1
7.53,92.3,66.9,65.6,65.3,6.66,8.1,3.5,0,1
1.76,65.8,68.4,76.8,79.6,8.86,7.5,6.8,2,0
9.42,55.7,50.9,56.8,77.3,6.48,7.7,9.7,0,1
2.24,79.2,58.2,66.1,55.7,7.12,6.0,4.9,0,1
9.63,89.2,59.9,42.1,88.6,8.36,5.5,6.9,1,1
8.21,99.6,100.0,30.5,72.8,9.53,6.1,1.0,2,1
6.34,84.2,97.2,83.1,59.6,6.31,6.1,5.9,2,0
8.04,73.5,66.2,52.2,89.5,6.98,7.7,5.3,1,1
8.16,67.3,66.9,60.7,82.1,9.19,8.0,4.1,3,1
9.51,78.1,55.9,45.8,57.6,5.17,6.6,8.5,0,1
3.28,74.4,45.3,45.4,97.1,8.23,8.5,5.2,2,1
6.31,65.8,70.4,65.2,82.6,5.78,8.4,5.6,1,1
1.86,100.0,58.0,56.3,73.9,7.12,7.1,5.1,2,1
6.55,99.4,70.8,74.0,94.7,6.71,5.8,1.6,2,1
2.54,91.6,49.6,75.2,76.1,5.85,8.7,3.4,1,1
6.08,66.9,61.3,73.1,73.6,5.82,6.7,8.2,1,0
6.15,88.3,74.1,71.8,65.4,7.33,7.0,1.1,1,1
5.19,85.7,77.1,93.2,81.6,8.19,6.4,4.2,3,1
5.7,83.3,77.8,50.9,80.2,6.84,5.7,5.1,1,1
7.88,93.0,53.5,67.1,74.2,7.08,5.0,10.0,1,1
8.19,85.6,84.0,86.1,63.7,7.69,7.6,7.8,2,1
5.43,86.9,60.8,88.2,75.7,5.83,5.9,4.7,1,1
6.4,85.6,80.9,45.3,73.1,7.89,9.5,9.0,1,1
9.38,82.1,71.9,63.0,56.7,7.98,5.5,4.3,1,1
2.08,56.6,52.7,89.7,54.9,10.0,5.3,8.3,0,1
2.05,79.0,67.6,76.1,81.3,6.55,7.4,2.9,0,1
1.79,71.3,77.1,71.1,40.2,6.45,8.6,8.5,1,1
6.92,62.6,80.6,64.5,76.7,7.92,6.9,5.1,1,1
4.77,98.2,70.0,61.9,67.8,7.98,7.5,3.6,1,1
7.97,98.7,93.4,72.6,91.0,6.36,4.6,5.5,1,1
7.04,94.3,86.1,64.0,67.6,6.52,6.0,6.6,0,1
4.0,81.1,68.4,67.3,82.6,7.65,5.5,4.9,1,1
9.09,94.2,82.5,69.3,68.8,6.01,4.5,7.3,1,1
7.86,78.1,99.1,57.2,75.5,6.51,6.9,4.7,1,1
3.43,80.4,99.4,76.5,83.6,7.11,4.1,7.4,1,1
4.28,64.9,54.8,100.0,68.0,8.2,5.2,7.0,1,1
3.83,82.8,59.0,39.6,87.0,6.27,6.2,5.9,0,1
2.42,78.7,92.8,73.2,61.1,4.79,5.8,5.0,1,1
2.33,62.4,57.2,55.8,77.8,4.7,7.3,6.3,2,1
9.43,77.4,53.5,77.2,86.0,5.49,7.2,7.3,1,1
4.94,77.0,65.2,68.7,82.6,5.42,7.9,10.0,2,1
4.45,99.6,77.9,80.2,98.9,6.81,7.7,8.2,4,1
7.57,88.7,70.6,86.8,64.1,5.57,8.2,8.2,1,1
5.98,78.1,62.9,71.1,56.1,6.16,6.8,10.0,2,1
9.43,81.0,62.6,86.1,61.1,6.07,7.2,7.2,0,1
8.02,78.5,62.0,30.5,82.6,6.47,7.4,7.1,0,1
5.31,75.6,59.7,93.4,80.5,8.59,7.0,7.6,1,1
4.39,65.0,100.0,74.0,75.3,7.79,6.3,3.7,2,1
9.88,76.2,76.2,85.2,59.4,7.02,6.4,5.0,0,1
7.46,69.0,84.4,48.5,84.0,6.45,5.8,4.8,1,1
9.56,63.0,65.2,54.7,58.1,6.48,7.3,7.5,1,1
2.07,84.1,69.4,70.3,89.1,7.39,6.7,5.6,0,1
8.65,82.7,62.0,67.7,100.0,7.7,6.0,6.3,0,1
,56.6,34.9,72.5,78.8,5.91,6.0,8.5,1,1
2.1,76.5,52.7,85.4,81.6,7.04,5.3,8.0,2,1
6.29,89.9,46.7,39.8,67.6,4.56,8.0,5.6,0,1
7.17,90.7,40.5,83.6,50.5,7.25,6.9,4.5,0,1
1.11,90.3,55.3,68.1,66.2,7.91,5.8,8.6,1,1
5.09,,90.5,64.7,59.8,6.66,7.8,7.8,1,1
8.43,67.9,71.4,44.5,55.2,9.18,6.1,2.3,1,1
3.66,65.0,90.1,76.0,96.4,5.94,5.1,5.3,1,1
5.13,82.1,77.8,29.4,77.5,7.26,8.0,6.4,1,1
4.98,82.6,83.0,78.4,78.9,6.96,6.2,7.8,2,1
3.72,93.4,59.4,44.1,70.0,6.88,6.3,8.1,0,1
9.27,91.2,79.3,68.9,71.8,6.86,6.8,6.7,0,0
8.03,76.4,82.2,66.1,86.5,7.13,8.2,7.3,0,1
2.0,63.1,63.9,86.7,73.6,8.02,6.8,6.1,0,1
9.97,74.2,79.8,65.1,80.9,8.65,5.4,4.5,2,1
8.91,80.6,79.9,56.9,71.5,7.0,7.5,5.4,1,1
3.56,75.6,64.3,59.9,69.6,7.98,6.2,6.0,1,1
8.53,71.1,56.3,88.4,55.7,6.16,9.1,5.9,2,1
1.96,81.0,55.4,76.6,48.3,7.92,6.8,1.7,0,1
9.99,72.0,73.2,61.8,70.6,6.09,4.1,5.1,1,1
6.99,70.5,76.6,64.2,74.7,8.31,7.2,6.1,1,1
6.85,81.7,60.9,42.9,57.3,9.65,9.1,5.4,2,1
1.81,73.2,72.4,74.2,73.6,6.85,8.7,5.4,1,1
9.07,80.9,80.0,39.8,74.7,4.37,9.0,7.1,0,1
1.26,81.3,80.7,80.0,46.0,6.34,5.6,3.5,1,1
3.17,64.3,93.7,70.1,62.1,8.48,7.9,2.3,0,1
2.29,72.2,89.9,100.0,79.3,7.66,5.9,5.2,1,1
7.99,95.3,58.0,50.4,79.0,7.3,7.1,7.8,0,1
2.78,64.1,95.6,66.4,59.0,8.21,5.3,9.9,0,1
9.2,52.6,64.6,96.8,76.1,7.58,6.0,7.8,2,1
