Loan_ID,Gender,Married,Dependents,Education,Self_Employed,ApplicantIncome,CoapplicantIncome,LoanAmount,Loan_Amount_Term,Credit_History,Property_Area,Loan_Status
LP0001,Male,Yes,2,Graduate,Yes,3786,0,256,180,0,Urban,N
LP0002,Male,Yes,0,Graduate,No,5111,3679,43,240,1,Semiurban,Y
LP0003,Female,Yes,1,Not Graduate,Yes,3019,0,223,300,1,Urban,Y
LP0004,Female,Yes,3+,Graduate,No,11799,5066,138,180,0,Rural,N
LP0005,Male,No,0,Graduate,Yes,7727,2277,226,240,1,Semiurban,Y
LP0006,Male,No,0,Graduate,Yes,4177,3786,178,480,1,Rural,Y
LP0007,Female,Yes,1,Graduate,No,8072,0,148,480,1,Urban,Y
LP0008,Female,No,3+,Graduate,No,3787,2020,259,480,1,Semiurban,Y
LP0009,Male,Yes,3+,Graduate,Yes,3296,0,256,480,0,Semiurban,N
LP0010,Female,No,2,Graduate,Yes,10297,2185,97,300,1,Urban,Y
LP0011,Female,Yes,2,Graduate,Yes,11744,0,118,300,1,Rural,Y
LP0012,Male,No,3+,Graduate,Yes,7447,0,69,240,0,Urban,N
LP0013,Female,Yes,1,Graduate,No,10507,1352,256,240,1,Rural,Y
LP0014,Female,No,2,Not Graduate,No,3482,0,72,300,0,Rural,N
LP0015,Male,Yes,0,Graduate,Yes,5250,0,209,180,1,Semiurban,Y
LP0016,Female,Yes,1,Not Graduate,Yes,9249,0,88,180,1,Semiurban,Y
LP0017,Female,No,3+,Graduate,Yes,2493,3298,,240,1,Urban,Y
LP0018,Female,Yes,3+,Graduate,No,9079,0,266,480,0,Urban,N
LP0019,,Yes,1,Graduate,No,9456,0,245,180,1,Semiurban,Y
LP0020,Male,No,2,Not Graduate,No,8430,5706,119,240,1,Urban,Y
LP0021,Male,Yes,2,Graduate,Yes,11071,0,69,480,0,Urban,N
LP0022,Male,Yes,1,Not Graduate,Yes,10833,0,81,360,1,Semiurban,Y
LP0023,Male,No,1,Not Graduate,,3644,5502,274,300,0,Urban,N
LP0024,Female,Yes,0,Graduate,No,3670,0,165,300,1,Urban,Y
LP0025,Female,No,0,Not Graduate,Yes,3700,0,94,480,1,Semiurban,Y
LP0026,Female,Yes,2,Graduate,No,9780,4002,66,180,1,Semiurban,Y
LP0027,Male,Yes,2,Graduate,No,4147,3619,44,180,0,Rural,N
LP0028,Male,Yes,2,Graduate,No,3588,342,226,180,1,Urban,Y
LP0029,Male,Yes,2,Not Graduate,Yes,5378,0,251,180,,Rural,Y
LP0030,Female,No,1,Not Graduate,Yes,3271,0,280,240,1,Semiurban,Y
LP0031,Female,No,1,Graduate,Yes,4664,3264,182,180,1,Semiurban,Y
LP0032,Female,No,0,Graduate,No,4425,4756,59,180,1,Semiurban,Y
LP0033,Female,No,0,Not Graduate,Yes,5673,363,40,480,1,Semiurban,Y
LP0034,Female,Yes,2,Not Graduate,Yes,6420,4154,,300,1,Rural,Y
LP0035,Female,Yes,1,Not Graduate,No,4351,5042,247,480,0,Semiurban,N
LP0036,Female,Yes,3+,Not Graduate,No,8738,0,282,240,0,Semiurban,N
LP0037,Female,Yes,1,Not Graduate,Yes,4762,0,63,240,1,Rural,Y
LP0038,,No,3+,Graduate,No,9599,0,115,180,0,Semiurban,N
LP0039,Male,Yes,3+,Graduate,Yes,3488,0,277,480,1,Semiurban,Y
LP0040,Female,No,1,Not Graduate,No,5746,2025,288,240,1,Semiurban,Y
LP0041,Male,No,1,Not Graduate,No,6738,0,110,240,1,Semiurban,Y
LP0042,Male,Yes,0,Not Graduate,No,6921,4445,252,180,1,Semiurban,Y
LP0043,Female,Yes,3+,Not Graduate,Yes,7263,2446,254,480,1,Semiurban,Y
LP0044,Male,No,3+,Not Graduate,Yes,7871,2753,124,360,1,Rural,Y
LP0045,Male,No,0,Graduate,No,3723,0,65,300,1,Semiurban,Y
LP0046,Male,No,2,Not Graduate,,6058,3453,81,360,0,Rural,N
LP0047,Male,No,1,Graduate,Yes,2008,0,50,480,1,Urban,Y
LP0048,Male,No,0,Graduate,No,5698,0,98,240,1,Urban,Y
LP0049,Male,No,3+,Not Graduate,Yes,2745,0,92,300,0,Rural,N
LP0050,Male,No,3+,Not Graduate,Yes,9789,5304,46,360,1,Urban,Y
LP0051,Female,No,3+,Graduate,No,4385,4274,,360,1,Rural,Y
LP0052,Female,No,1,Graduate,No,8885,1997,234,300,0,Semiurban,N
LP0053,Female,Yes,3+,Graduate,No,5732,2788,181,480,0,Rural,N
LP0054,Male,Yes,1,Not Graduate,No,10596,1968,291,360,0,Urban,N
LP0055,Female,Yes,3+,Graduate,No,11028,3023,216,360,1,Semiurban,Y
LP0056,Female,No,2,Not Graduate,Yes,3476,0,201,180,1,Urban,Y
LP0057,,No,2,Not Graduate,Yes,4680,0,224,240,1,Urban,Y
LP0058,Male,No,0,Graduate,No,3568,5225,92,180,,Semiurban,Y
LP0059,Female,No,2,Graduate,Yes,5636,0,73,360,1,Urban,Y
LP0060,Male,Yes,1,Not Graduate,Yes,5566,970,155,480,1,Semiurban,Y
LP0061,Female,No,3+,Not Graduate,Yes,11488,0,148,300,0,Urban,N
LP0062,Male,Yes,0,Graduate,Yes,8193,3690,189,180,1,Semiurban,Y
LP0063,Female,No,0,Graduate,No,11740,0,257,180,1,Rural,Y
LP0064,Male,No,1,Graduate,Yes,4218,2519,264,180,1,Rural,Y
LP0065,Female,No,2,Not Graduate,No,2817,0,261,300,1,Urban,Y
LP0066,Male,Yes,0,Not Graduate,Yes,4370,3854,182,240,1,Rural,Y
LP0067,Female,Yes,3+,Not Graduate,No,6960,0,122,300,1,Rural,Y
LP0068,Female,No,3+,Graduate,No,2942,2576,,180,1,Rural,Y
LP0069,Male,No,3+,Graduate,,9994,2963,266,180,1,Semiurban,Y
LP0070,Male,No,3+,Not Graduate,Yes,1972,0,121,300,0,Rural,N
LP0071,Female,Yes,1,Graduate,No,3424,0,295,300,1,Semiurban,Y
LP0072,Female,No,1,Not Graduate,Yes,7784,0,75,300,1,Semiurban,Y
LP0073,Female,Yes,2,Not Graduate,No,3934,3658,216,300,1,Semiurban,Y
LP0074,Female,Yes,1,Not Graduate,Yes,8230,357,282,360,1,Rural,Y
LP0075,Male,No,0,Graduate,No,3144,0,273,180,1,Semiurban,Y
LP0076,,Yes,3+,Not Graduate,No,11711,5674,81,300,1,Semiurban,Y
LP0077,Female,Yes,0,Graduate,No,5227,740,90,180,1,Urban,Y
LP0078,Female,Yes,0,Not Graduate,Yes,6306,2936,260,240,1,Rural,Y
LP0079,Female,Yes,1,Graduate,Yes,11485,0,294,480,1,Urban,Y
LP0080,Female,No,3+,Not Graduate,Yes,9122,0,77,360,1,Rural,Y
LP0081,Female,No,2,Not Graduate,No,4763,3151,94,240,1,Rural,Y
LP0082,Female,No,2,Graduate,No,5997,0,294,300,1,Rural,Y
LP0083,Female,Yes,1,Not Graduate,Yes,11793,0,198,360,0,Rural,N
LP0084,Female,Yes,0,Not Graduate,No,8307,0,107,480,1,Rural,Y
LP0085,Female,Yes,2,Not Graduate,No,7049,943,,240,1,Rural,Y
LP0086,Female,No,0,Not Graduate,Yes,5832,0,272,300,1,Rural,Y
LP0087,Female,No,0,Graduate,No,1910,5075,153,180,,Rural,Y
LP0088,Female,No,0,Graduate,Yes,2109,2493,99,180,1,Rural,Y
LP0089,Male,No,3+,Not Graduate,No,11122,0,252,180,1,Rural,Y
LP0090,Female,No,0,Not Graduate,Yes,8764,0,225,180,1,Rural,Y
LP0091,Female,Yes,3+,Not Graduate,Yes,3501,0,148,480,0,Urban,N
LP0092,Female,Yes,1,Graduate,,10580,0,159,300,1,Rural,Y
LP0093,Male,No,1,Graduate,No,4358,0,107,180,1,Urban,Y
LP0094,Female,Yes,1,Not Graduate,Yes,3576,0,72,360,1,Semiurban,Y
LP0095,,No,1,Graduate,No,9004,0,71,360,1,Semiurban,Y
LP0096,Male,No,3+,Graduate,Yes,6777,0,73,240,1,Rural,Y
LP0097,Female,No,2,Not Graduate,No,3124,0,150,360,1,Urban,Y
LP0098,Female,No,3+,Not Graduate,No,3057,2560,200,300,1,Urban,Y
LP0099,Female,Yes,0,Graduate,Yes,8575,791,106,480,0,Rural,N
LP0100,Female,Yes,3+,Not Graduate,No,2342,2356,220,180,1,Urban,Y
LP0101,Female,Yes,0,Not Graduate,No,3382,0,259,480,0,Rural,N
LP0102,Female,Yes,1,Not Graduate,No,7067,0,,240,1,Urban,Y
LP0103,Male,Yes,0,Graduate,No,8378,3716,120,300,1,Rural,Y
LP0104,Female,Yes,0,Graduate,Yes,11622,0,179,360,1,Semiurban,Y
LP0105,Female,No,2,Graduate,Yes,7155,0,185,480,1,Rural,Y
LP0106,Female,Yes,1,Not Graduate,Yes,1625,1674,148,240,1,Semiurban,Y
LP0107,Female,Yes,0,Not Graduate,No,4378,1058,157,480,1,Urban,Y
LP0108,Female,Yes,3+,Graduate,No,2775,2564,247,360,1,Urban,Y
LP0109,Female,Yes,2,Graduate,No,7428,721,94,240,1,Rural,Y
LP0110,Female,Yes,3+,Not Graduate,No,5130,0,79,480,0,Rural,N
LP0111,Male,No,2,Graduate,Yes,3184,1199,141,240,1,Rural,Y
LP0112,Male,Yes,3+,Not Graduate,No,10748,5267,201,240,1,Urban,Y
LP0113,Female,No,2,Not Graduate,Yes,7266,0,198,360,1,Urban,Y
LP0114,,No,2,Graduate,Yes,11576,4866,276,480,0,Semiurban,N
LP0115,Male,No,3+,Graduate,,8881,847,83,480,1,Urban,Y
LP0116,Male,No,3+,Graduate,No,7608,2317,249,300,,Rural,N
LP0117,Female,Yes,2,Graduate,No,6155,0,210,180,1,Semiurban,Y
LP0118,Female,No,1,Graduate,No,10657,3085,105,480,0,Rural,N
LP0119,Female,No,0,Not Graduate,No,4453,1754,,240,1,Urban,Y
LP0120,Male,Yes,2,Graduate,Yes,7017,0,232,240,1,Urban,Y
LP0121,Male,No,0,Not Graduate,No,5391,3638,269,240,1,Semiurban,Y
LP0122,Female,Yes,2,Not Graduate,No,6116,3128,122,240,1,Semiurban,Y
LP0123,Male,No,2,Graduate,Yes,6170,0,179,360,1,Semiurban,Y
LP0124,Male,Yes,3+,Not Graduate,Yes,8297,436,297,300,1,Semiurban,Y
LP0125,Male,No,1,Graduate,No,3123,5854,114,240,0,Semiurban,N
LP0126,Female,Yes,3+,Not Graduate,Yes,2798,155,150,240,1,Urban,Y
LP0127,Female,Yes,2,Graduate,Yes,5406,3439,72,180,1,Rural,Y
LP0128,Male,Yes,1,Not Graduate,No,1525,5036,163,480,1,Urban,Y
LP0129,Male,No,0,Graduate,No,9202,356,231,300,0,Semiurban,N
LP0130,Male,No,1,Graduate,No,3685,363,213,240,1,Rural,Y
LP0131,Female,Yes,1,Graduate,No,2105,0,62,240,0,Semiurban,N
LP0132,Female,No,3+,Not Graduate,Yes,4631,2343,64,300,1,Urban,Y
LP0133,,No,3+,Not Graduate,No,7054,1530,294,300,1,Urban,Y
LP0134,Female,Yes,3+,Graduate,No,6762,0,207,300,1,Semiurban,Y
LP0135,Female,Yes,3+,Not Graduate,No,2193,5954,262,300,0,Urban,N
LP0136,Female,No,1,Graduate,Yes,11454,5554,,240,0,Urban,N
LP0137,Female,No,3+,Graduate,Yes,8871,3038,267,180,1,Rural,Y
LP0138,Female,No,2,Not Graduate,,3358,0,295,480,1,Rural,Y
LP0139,Male,No,2,Not Graduate,Yes,11524,2339,142,180,1,Urban,Y
LP0140,Female,Yes,3+,Graduate,No,7192,0,188,300,1,Rural,Y
LP0141,Male,No,1,Graduate,Yes,3775,1939,53,300,1,Semiurban,Y
LP0142,Male,Yes,0,Not Graduate,No,9342,4306,249,480,0,Urban,N
LP0143,Female,Yes,3+,Not Graduate,No,3602,0,106,360,0,Urban,N
LP0144,Male,No,1,Graduate,No,5194,2834,80,300,1,Rural,Y
LP0145,Female,Yes,2,Graduate,Yes,11196,0,127,480,,Rural,Y
LP0146,Male,Yes,0,Graduate,No,4953,4686,55,360,1,Rural,Y
LP0147,Female,No,1,Not Graduate,No,8930,0,120,360,1,Semiurban,Y
LP0148,Female,Yes,2,Graduate,No,6731,2829,106,300,0,Semiurban,N
LP0149,Male,No,0,Not Graduate,No,5561,0,65,300,1,Rural,Y
LP0150,Female,Yes,1,Not Graduate,No,4610,1305,279,360,1,Semiurban,Y
