Student_ID,Study_Hours,Attendance,Assignment_Score,Midterm_Score,Lab_Score,Sleep_Hours,Previous_GPA,Final_Score,Performance_Level
1,5.76,87.7,77.02,81.19,77.12,5.3,8.15,83.62,High
2,5.63,89.57,79.62,85.29,82.96,6.91,7.43,82.84,High
3,6.42,98.88,81.05,75.9,84.72,5.35,7.9,90.48,High
4,7.48,89.3,88.33,83.92,90.46,5.69,8.74,88.67,High
5,1.55,79.61,52.94,65.25,68.73,5.58,7.44,60.02,Medium
6,5.85,86.97,79.44,82.77,83.59,7.15,8.39,90.1,High
7,4.93,82.9,70.51,75.72,73.27,9,7.2,75.96,High
8,7.31,100,88.78,89.05,94.98,6.71,7.4,94.41,High
9,7.62,81.04,85.78,84.54,82.14,7.52,8.78,100,High
10,7.05,86.2,78.16,71.31,90.31,6.23,8.22,91.63,High
11,4.77,85.67,57.51,59.21,70.15,7.22,8.47,75.1,High
12,6.44,90.91,90.54,86.0,82.74,5.79,8.7,93.56,High
13,8.09,,100,80.37,99.04,6.92,8.19,94.57,High
14,5.74,98.86,85.32,81.01,59.09,7.51,8.3,84.41,High
15,4.93,87.9,90.26,60.17,71.84,8.16,7.44,79.3,High
16,6.17,80.71,81.64,63.8,86.66,6.8,9.53,87.58,High
17,8.32,82.86,87.19,88.18,100,5.12,9.22,100,High
18,8.61,97.32,89.9,80.93,78.14,7.0,8.53,100,High
19,4.96,90.2,60.72,66.88,77.45,7.62,8.68,80.01,High
20,4.1,90.13,76.06,72.14,66.75,7.93,7.58,81.26,High
21,8.17,96.06,90.24,100,88.53,6.5,8.61,100,High
22,6.2,93.08,90.57,70.92,65.89,7.1,8.2,83.83,High
23,7.48,95.23,75.97,86.6,82.61,5.32,8.66,92.42,High
24,4.73,91.34,78.32,64.1,77.77,7.82,7.22,81.59,High
25,6.0,100,62.26,82.17,76.57,6.7,9.24,87.57,High
26,9.81,90.68,97.39,86.29,86.81,6.86,8.77,100,High
27,2.42,98.92,63.18,77.6,58.42,7.09,9.16,71.84,Medium
28,3.46,82.32,73.08,71.46,80.43,6.54,6.32,72.65,Medium
29,8.11,94.99,69.82,83.7,97.56,8.93,8.89,99.01,High
30,3.89,80.77,70.99,71.38,76.26,6.32,6.72,71.5,Medium
31,4.03,91.34,50.32,63.61,75.72,8.32,7.55,78.34,High
32,5.32,83.18,,87.62,84.58,7.29,10.0,88.34,High
33,7.05,92.62,81.22,100,94.74,5.4,8.0,97.4,High
34,7.33,81.36,64.03,61.73,83.09,6.7,8.56,80.94,High
35,3.92,72.54,73.64,70.16,79.66,7.59,7.36,81.32,High
36,5.77,84.3,73.39,68.38,60.86,6.96,8.1,78.06,High
37,4.79,90.35,89.6,70.49,70.69,6.21,7.65,76.45,High
38,5.79,89.37,94.75,83.74,86.53,6.09,8.38,86.22,High
39,6.53,92.77,74.22,97.42,85.4,4.9,8.49,90.08,High
40,6.0,92.46,82.52,54.82,69.74,7.57,8.85,90.71,High
41,9.07,78.49,98.19,68.91,100,7.05,8.02,100,High
42,7.09,77.28,86.02,72.49,83.72,6.33,9.17,83.54,High
43,6.54,100,73.72,79.57,82.5,6.11,8.56,90.1,High
44,4.4,99.61,79.71,66.79,68.29,6.02,8.4,79.75,High
45,6.78,88.85,87.67,77.32,87.84,6.62,8.73,94.46,High
46,5.8,82.94,69.75,66.96,70.43,7.67,7.92,86.54,High
47,9.87,94.02,80.57,87.66,91.96,5.31,8.81,100,High
48,5.22,82.88,69.05,89.79,74.99,5.97,7.56,86.13,High
49,4.84,91.18,80.9,77.8,86.12,6.25,8.45,82.35,High
50,5.33,96.76,83.7,72.39,67.11,7.36,7.42,79.46,High
51,4.9,89.6,55.5,74.18,76.53,6.22,8.4,81.45,High
52,4.97,83.27,81.13,55.71,72.73,6.17,7.79,77.85,High
53,6.06,97.22,81.3,72.31,69.53,7.52,8.36,92.31,High
54,4.73,87.86,73.39,68.99,74.64,5.09,8.22,81.39,High
55,7.92,100,83.82,82.91,85.8,8.74,7.36,97.83,High
56,3.5,68.13,50.81,50.88,78.8,5.93,7.23,60.55,Medium
57,7.04,82.73,95.01,69.63,76.52,6.92,8.28,94.46,High
58,6.2,80.99,74.78,70.33,85.52,7.18,,88.03,High
59,5.1,87.17,77.03,86.71,75.07,6.45,7.1,85.77,High
60,5.0,90.41,57.89,81.44,64.85,6.02,8.44,73.93,Medium
61,5.86,89.56,69.47,88.06,90.52,4.83,7.02,88.77,High
62,3.78,83.82,71.31,72.81,69.46,6.9,6.94,79.99,High
63,5.16,90.57,71.03,72.73,74.71,6.64,7.13,83.26,High
64,8.4,93.79,95.21,93.68,94.84,7.1,8.74,100,High
65,6.12,82.52,79.68,56.81,79.36,7.21,8.83,83.6,High
66,7.58,91.09,76.1,67.71,76.76,5.43,8.81,86.94,High
67,6.97,90.88,92.27,89.87,77.23,6.53,7.9,86.29,High
68,7.15,98.9,83.53,75.09,91.74,4.46,8.4,92.34,High
69,5.03,97.78,83.85,68.51,74.91,6.41,7.42,77.21,High
70,8.35,99.21,95.57,74.11,100,8.78,8.71,97.61,High
71,4.53,90.36,64.89,68.67,82.55,5.29,8.94,86.02,High
72,3.9,76.78,68.04,56.06,69.53,4.22,7.33,76.01,High
73,4.1,85.01,58.0,73.61,70.55,8.74,7.66,74.86,Medium
74,6.94,86.78,70.69,82.15,80.88,6.97,8.48,86.76,High
75,6.72,100,71.9,95.58,79.57,6.03,9.76,94.95,High
76,8.33,97.72,73.19,86.19,82.95,5.46,7.43,93.22,High
77,7.0,93.14,80.26,71.43,74.62,6.24,7.58,85.7,High
78,5.96,82.88,76.76,67.43,78.83,7.31,8.11,85.11,High
79,3.19,83.18,70.26,69.82,56.39,6.96,8.08,71.47,Medium
80,5.84,92.16,80.58,81.27,79.02,6.95,7.45,85.91,High
81,8.13,90.33,86.0,79.23,92.75,5.95,9.12,92.51,High
82,4.2,88.48,72.98,70.62,81.21,6.39,7.84,75.63,High
83,8.14,96.2,92.39,86.07,80.21,6.47,8.86,97.5,High
84,6.21,79.93,81.47,69.16,71.07,6.65,6.85,83.65,High
85,7.45,90.56,75.85,71.83,82.86,4.38,8.48,90.57,High
86,5.47,85.1,78.52,76.48,85.9,6.82,7.42,82.4,High
87,6.31,100,77.35,65.97,73.12,4.7,8.29,78.7,High
88,3.9,72.85,60.55,72.08,61.17,5.05,7.59,68.47,Medium
89,6.73,95.27,81.86,65.31,80.58,7.3,7.8,81.53,High
90,7.87,88.54,82.81,83.23,,7.06,8.25,98.02,High
91,9.65,100,99.66,79.31,100,5.6,8.67,100,High
92,8.77,95.46,77.22,89.49,93.06,6.48,7.9,94.94,High
93,5.26,88.47,71.35,79.43,68.8,5.07,7.33,85.03,High
94,5.03,100,79.53,59.46,68.92,7.04,6.99,88.62,High
95,4.32,91.95,85.4,67.03,65.14,6.53,7.81,82.35,High
96,6.1,79.51,79.77,68.87,61.87,6.1,7.09,81.05,High
97,9.31,100,87.06,84.41,96.08,7.86,8.55,100,High
98,9.75,92.95,89.64,92.16,96.77,5.78,8.78,99.08,High
99,5.53,100,83.78,72.29,69.88,6.49,8.56,83.45,High
100,8.47,82.54,86.25,100,71.57,7.99,7.41,95.13,High
101,5.71,94.62,49.44,54.79,73.45,6.84,7.35,74.38,Medium
102,3.98,83.97,63.31,69.17,76.59,8.23,7.07,74.31,Medium
103,6.08,87.23,78.86,59.92,82.26,5.88,7.4,75.18,High
104,7.97,90.58,97.24,86.21,72.28,5.72,8.99,92.41,High
105,4.15,85.72,69.99,57.3,69.9,6.32,5.85,72.72,Medium
106,4.62,96.68,63.13,53.61,83.67,5.21,7.24,77.67,High
107,5.44,76.94,78.45,70.9,87.31,7.39,9.83,79.41,High
108,5.96,81.69,89.25,83.26,84.9,6.02,7.51,79.26,High
109,8.91,96.24,88.28,96.74,95.18,7.78,7.67,99.57,High
110,6.33,92.09,88.94,66.51,81.18,9,8.53,93.03,High
111,5.97,94.53,95.11,76.13,88.68,5.92,8.38,94.41,High
112,4.72,95.35,67.81,61.78,74.52,8.73,7.88,83.39,High
113,4.76,88.25,63.43,64.26,81.33,6.76,8.63,78.42,High
114,5.66,97.73,71.82,58.59,88.23,7.21,6.51,81.55,High
115,5.31,100,69.69,66.51,69.31,5.75,7.37,73.63,Medium
116,4.25,75.85,58.51,52.24,68.7,6.12,6.76,69.47,Medium
117,5.92,86.08,74.5,90.79,80.63,7.28,6.3,82.88,High
118,2.31,81.79,67.6,52.96,70.23,5.78,7.45,60.28,Medium
119,5.56,91.6,82.04,72.06,92.96,6.39,7.6,75.23,High
120,9.01,90.23,80.44,100,99.41,6.91,7.82,100,High
121,4.94,79.74,84.16,49.44,79.84,7.26,9.07,80.74,High
122,,79.15,65.58,64.06,74.6,4.84,6.91,71.54,Medium
123,8.62,100,85.99,97.2,100,8.0,9.13,100,High
124,4.66,77.46,82.47,66.09,74.08,6.22,7.41,78.24,High
125,4.26,87.59,74.27,67.13,66.97,7.59,8.78,76.35,High
126,8.1,97.94,63.52,76.4,81.26,7.58,8.65,93.73,High
127,7.08,84.21,76.61,67.51,81.42,6.68,8.38,83.6,High
128,7.54,97.47,99.08,88.79,85.88,7.47,8.78,96.84,High
129,8.19,100,100,84.76,89.27,7.22,8.55,100,High
130,5.79,87.6,94.01,75.98,78.82,7.68,8.05,89.38,High
131,5.89,80.53,78.29,63.38,80.3,5.62,8.57,84.86,High
132,6.48,89.07,84.65,57.55,71.89,6.65,8.34,83.21,High
133,4.29,88.08,68.09,57.34,75.66,6.59,8.35,78.66,High
134,7.25,92.95,76.39,71.09,71.6,9,7.61,87.04,High
135,5.39,86.5,71.29,53.94,68.87,5.41,7.76,72.68,Medium
136,4.83,89.31,69.08,79.61,71.82,7.03,6.85,82.17,High
137,5.31,91.23,79.21,70.57,78.33,6.41,8.7,87.95,High
138,6.82,81.92,72.39,72.01,79.91,7.25,7.62,89.46,High
139,6.01,75.12,74.75,49.37,73.01,6.25,7.6,74.43,Medium
140,5.33,84.24,89.84,84.54,67.52,8.05,6.78,80.9,High
141,8.59,76.63,94.54,73.55,86.92,6.62,9.75,92.65,High
142,5.88,93.45,76.26,66.49,78.12,6.89,8.55,80.94,High
143,5.24,90.54,74.44,70.14,76.19,6.1,7.29,82.15,High
144,4.14,95.12,73.51,54.62,74.75,6.97,8.03,81.35,High
145,5.38,83.5,71.05,62.77,70.85,7.08,7.85,76.3,High
146,4.74,90.13,69.47,59.53,73.39,6.54,6.99,,High
147,7.44,91.21,85.93,86.51,83.79,7.69,9.44,96.76,High
148,6.75,96.21,78.95,67.06,88.87,5.23,9.35,93.02,High
149,6.32,89.94,96.04,67.08,70.84,6.2,7.91,81.85,High
150,6.26,90.47,72.72,92.33,68.78,5.52,8.31,86.11,High
151,6.71,85.72,72.54,71.73,76.02,7.32,7.87,87.91,High
152,7.0,97.68,91.11,87.24,88.66,6.28,8.08,87.84,High
153,6.5,85.08,84.6,82.56,69.92,5.79,7.9,84.26,High
154,6.28,81.45,80.56,59.51,62.75,7.52,7.22,76.8,High
155,3.59,76.45,65.77,60.98,78.43,7.25,7.23,75.06,High
156,7.9,94.36,82.94,93.36,99.79,7.46,9.63,100,High
157,7.44,83.3,74.75,80.77,70.7,6.21,8.92,85.69,High
158,6.91,80.83,78.18,89.24,83.84,7.09,9.33,97.43,High
159,4.51,96.64,67.5,68.76,73.9,7.87,6.89,80.32,High
160,6.89,95.95,80.67,88.98,76.43,7.95,8.45,87.46,High
